[
  {
    "Student Number": 478336,
    "Department": "HBO-ICT",
    "First Name": "Vinicius",
    "Classroom": "EHI1V.Sc",
    "Middle Name": "",
    "Last Name": "Machado Schmidt",
    "E-mail Address": "478336@student.saxion.nl"
  },
  {
    "Student Number": 469115,
    "Department": "HBO-ICT",
    "First Name": "Cas",
    "Classroom": "EHI1V.Bb",
    "Middle Name": "",
    "Last Name": "ter Beke",
    "E-mail Address": "469115@student.saxion.nl"
  },
  {
    "Student Number": 475085,
    "Department": "HBO-ICT",
    "First Name": "Luuk",
    "Classroom": "EHI1V.Sb",
    "Middle Name": "",
    "Last Name": "Kaalverink",
    "E-mail Address": "475085@student.saxion.nl"
  },
  {
    "Student Number": 482858,
    "Department": "",
    "First Name": "Ilker",
    "Classroom": "EHI1V.Sc",
    "Middle Name": "",
    "Last Name": "Alp",
    "E-mail Address": "482858@student.saxion.nl"
  },
  {
    "Student Number": 447096,
    "Department": "HBO-ICT",
    "First Name": "Joost",
    "Classroom": "EHI1V.Sd",
    "Middle Name": "",
    "Last Name": "Winkelman",
    "E-mail Address": "447096@student.saxion.nl"
  },
  {
    "Student Number": 461914,
    "Department": "HBO-ICT",
    "First Name": "Dennis",
    "Classroom": "EHI1V.Ib",
    "Middle Name": "",
    "Last Name": "Wang",
    "E-mail Address": "461914@student.saxion.nl"
  },
  {
    "Student Number": 454347,
    "Department": "HBO-ICT",
    "First Name": "Thomas",
    "Classroom": "EHI1V.Sd",
    "Middle Name": "",
    "Last Name": "Verkeste",
    "E-mail Address": "454347@student.saxion.nl"
  },
  {
    "Student Number": 481909,
    "Department": "HBO-ICT",
    "First Name": "Serwet",
    "Classroom": "EHI1V.Sd",
    "Middle Name": "",
    "Last Name": "Uz",
    "E-mail Address": "481909@student.saxion.nl"
  },
  {
    "Student Number": 487889,
    "Department": "HBO-ICT",
    "First Name": "Thijs",
    "Classroom": "EHI1V.Ib",
    "Middle Name": "",
    "Last Name": "Smid",
    "E-mail Address": "487889@student.saxion.nl"
  },
  {
    "Student Number": 450726,
    "Department": "HBO-ICT",
    "First Name": "Ties",
    "Classroom": "EHI1V.Sd",
    "Middle Name": "",
    "Last Name": "Heesink",
    "E-mail Address": "450726@student.saxion.nl"
  },
  {
    "Student Number": 463397,
    "Department": "HBO-ICT",
    "First Name": "Jasper",
    "Classroom": "EHI1V.Sd",
    "Middle Name": "",
    "Last Name": "de Haan",
    "E-mail Address": "463397@student.saxion.nl"
  },
  {
    "Student Number": 462171,
    "Department": "HBO-ICT",
    "First Name": "Auke",
    "Classroom": "EHI1V.Sd",
    "Middle Name": "",
    "Last Name": "Assinck",
    "E-mail Address": "462171@student.saxion.nl"
  },
  {
    "Student Number": 468792,
    "Department": "HBO-ICT",
    "First Name": "Vinitha",
    "Classroom": "EHI1V.Bb",
    "Middle Name": "",
    "Last Name": "Velauthapillai",
    "E-mail Address": "468792@student.saxion.nl"
  },
  {
    "Student Number": 416938,
    "Department": "HBO-ICT",
    "First Name": "Robin",
    "Classroom": "EHI1V.Bb",
    "Middle Name": "",
    "Last Name": "Slaghuis",
    "E-mail Address": "416938@student.saxion.nl"
  },
  {
    "Student Number": 475795,
    "Department": "HBO-ICT",
    "First Name": "Rita",
    "Classroom": "EHI1V.Bb",
    "Middle Name": "",
    "Last Name": "Simon",
    "E-mail Address": "475795@student.saxion.nl"
  },
  {
    "Student Number": 483723,
    "Department": "HBO-ICT",
    "First Name": "Syt",
    "Classroom": "EHI1V.Sd",
    "Middle Name": "",
    "Last Name": "Scheper",
    "E-mail Address": "483723@student.saxion.nl"
  },
  {
    "Student Number": 484607,
    "Department": "HBO-ICT",
    "First Name": "Stef Nieuwhuis",
    "Classroom": "EHI1V.Sd",
    "Middle Name": "",
    "Last Name": "Nieuwhuis",
    "E-mail Address": "484607@student.saxion.nl"
  },
  {
    "Student Number": 484308,
    "Department": "HBO-ICT",
    "First Name": "Daan",
    "Classroom": "EHI1V.Sd",
    "Middle Name": "",
    "Last Name": "Lageschaar",
    "E-mail Address": "484308@student.saxion.nl"
  },
  {
    "Student Number": 482174,
    "Department": "HBO-ICT",
    "First Name": "Rick",
    "Classroom": "EHI1V.Bb",
    "Middle Name": "",
    "Last Name": "KleinJan",
    "E-mail Address": "482174@student.saxion.nl"
  },
  {
    "Student Number": 485657,
    "Department": "HBO-ICT",
    "First Name": "Nick",
    "Classroom": "EHI1V.Ib",
    "Middle Name": "",
    "Last Name": "Hofstede",
    "E-mail Address": "485657@student.saxion.nl"
  },
  {
    "Student Number": 478525,
    "Department": "HBO-ICT",
    "First Name": "Jasper",
    "Classroom": "EHI1V.Sd",
    "Middle Name": "",
    "Last Name": "Esveldt",
    "E-mail Address": "478525@student.saxion.nl"
  },
  {
    "Student Number": 421877,
    "Department": "HBO-ICT",
    "First Name": "Lotte",
    "Classroom": "EHI1V.Ib",
    "Middle Name": "",
    "Last Name": "van Diemen",
    "E-mail Address": "421877@student.saxion.nl"
  },
  {
    "Student Number": 447017,
    "Department": "HBO-ICT",
    "First Name": "Gergo",
    "Classroom": "EHI1V.Bb",
    "Middle Name": "",
    "Last Name": "ten Dam",
    "E-mail Address": "447017@student.saxion.nl"
  },
  {
    "Student Number": 481246,
    "Department": "HBO-ICT",
    "First Name": "Quentin",
    "Classroom": "EHI1V.Sd",
    "Middle Name": "",
    "Last Name": "Correia",
    "E-mail Address": "481246@student.saxion.nl"
  },
  {
    "Student Number": 461595,
    "Department": "HBO-ICT",
    "First Name": "Simon",
    "Classroom": "EHI1V.Sd",
    "Middle Name": "",
    "Last Name": "Chamoun",
    "E-mail Address": "461595@student.saxion.nl"
  },
  {
    "Student Number": 484601,
    "Department": "HBO-ICT",
    "First Name": "Timo",
    "Classroom": "EHI1V.Ib",
    "Middle Name": "",
    "Last Name": "Bolks",
    "E-mail Address": "484601@student.saxion.nl"
  },
  {
    "Student Number": 483133,
    "Department": "HBO-ICT",
    "First Name": "Thijs",
    "Classroom": "EHI1V.Sd",
    "Middle Name": "",
    "Last Name": "Voshaar",
    "E-mail Address": "483133@student.saxion.nl"
  },
  {
    "Student Number": 416922,
    "Department": "HBO-ICT",
    "First Name": "Gijs",
    "Classroom": "EHI1V.Bb",
    "Middle Name": "",
    "Last Name": "de Volder",
    "E-mail Address": "416922@student.saxion.nl"
  },
  {
    "Student Number": 488510,
    "Department": "HBO-ICT",
    "First Name": "Luuk",
    "Classroom": "EHI1V.Sd",
    "Middle Name": "",
    "Last Name": "Velthuis",
    "E-mail Address": "488510@student.saxion.nl"
  },
  {
    "Student Number": 481094,
    "Department": "HBO-ICT",
    "First Name": "Bryan",
    "Classroom": "EHI1V.Sd",
    "Middle Name": "",
    "Last Name": "Suk",
    "E-mail Address": "481094@student.saxion.nl"
  },
  {
    "Student Number": 469740,
    "Department": "HBO-ICT",
    "First Name": "Olaf",
    "Classroom": "EHI1V.Sd",
    "Middle Name": "",
    "Last Name": "Sonnemans",
    "E-mail Address": "469740@student.saxion.nl"
  },
  {
    "Student Number": 489163,
    "Department": "HBO-ICT",
    "First Name": "Rens",
    "Classroom": "EHI1V.Sd",
    "Middle Name": "",
    "Last Name": "Nijland",
    "E-mail Address": "489163@student.saxion.nl"
  },
  {
    "Student Number": 488441,
    "Department": "HBO-ICT",
    "First Name": "Jeroen",
    "Classroom": "EHI1V.Sd",
    "Middle Name": "",
    "Last Name": "Mager",
    "E-mail Address": "488441@student.saxion.nl"
  },
  {
    "Student Number": 408668,
    "Department": "HBO-ICT",
    "First Name": "Vincent",
    "Classroom": "EHI1V.Sd",
    "Middle Name": "",
    "Last Name": "Luiten",
    "E-mail Address": "408668@student.saxion.nl"
  },
  {
    "Student Number": 488418,
    "Department": "HBO-ICT",
    "First Name": "Anto",
    "Classroom": "EHI1V.Sd",
    "Middle Name": "",
    "Last Name": "Kifork",
    "E-mail Address": "488418@student.saxion.nl"
  },
  {
    "Student Number": 458314,
    "Department": "HBO-ICT",
    "First Name": "Rik",
    "Classroom": "EHI1V.Bb",
    "Middle Name": "",
    "Last Name": "Jolink",
    "E-mail Address": "458314@student.saxion.nl"
  },
  {
    "Student Number": 487979,
    "Department": "HBO-ICT",
    "First Name": "Mart",
    "Classroom": "EHI1V.Ib",
    "Middle Name": "",
    "Last Name": "van Gerresheim",
    "E-mail Address": "487979@student.saxion.nl"
  },
  {
    "Student Number": 454675,
    "Department": "HBO-ICT",
    "First Name": "Jesus",
    "Classroom": "EHI1V.Ib",
    "Middle Name": "",
    "Last Name": "Doe",
    "E-mail Address": "454675@student.saxion.nl"
  },
  {
    "Student Number": 480671,
    "Department": "HBO-ICT",
    "First Name": "Jasper",
    "Classroom": "EHI1V.Bb",
    "Middle Name": "",
    "Last Name": "Ypkemeule",
    "E-mail Address": "480671@student.saxion.nl"
  },
  {
    "Student Number": 480426,
    "Department": "HBO-ICT",
    "First Name": "Jasper",
    "Classroom": "EHI1V.Sc",
    "Middle Name": "",
    "Last Name": "Warlich",
    "E-mail Address": "480426@student.saxion.nl"
  },
  {
    "Student Number": 484383,
    "Department": "HBO-ICT",
    "First Name": "Dylan",
    "Classroom": "EHI1V.Ib",
    "Middle Name": "",
    "Last Name": "Rüsch",
    "E-mail Address": "484383@student.saxion.nl"
  },
  {
    "Student Number": 484375,
    "Department": "HBO-ICT",
    "First Name": "Sven",
    "Classroom": "EHI1V.Sc",
    "Middle Name": "",
    "Last Name": "Rolleman",
    "E-mail Address": "484375@student.saxion.nl"
  },
  {
    "Student Number": 484393,
    "Department": "HBO-ICT",
    "First Name": "Nick",
    "Classroom": "EHI1V.Sc",
    "Middle Name": "",
    "Last Name": "Regeling",
    "E-mail Address": "484393@student.saxion.nl"
  },
  {
    "Student Number": 419630,
    "Department": "HBO-ICT",
    "First Name": "Çagdas",
    "Classroom": "EHI1V.Sc",
    "Middle Name": "",
    "Last Name": "Öztürk",
    "E-mail Address": "419630@student.saxion.nl"
  },
  {
    "Student Number": 486386,
    "Department": "HBO-ICT",
    "First Name": "Bram",
    "Classroom": "EHI1V.Ib",
    "Middle Name": "",
    "Last Name": "Nijhuis",
    "E-mail Address": "486386@student.saxion.nl"
  },
  {
    "Student Number": 483495,
    "Department": "HBO-ICT",
    "First Name": "Roel",
    "Classroom": "EHI1V.Sc",
    "Middle Name": "",
    "Last Name": "Naves",
    "E-mail Address": "483495@student.saxion.nl"
  },
  {
    "Student Number": 484362,
    "Department": "HBO-ICT",
    "First Name": "Sven",
    "Classroom": "EHI1V.Sc",
    "Middle Name": "",
    "Last Name": "Hoevink",
    "E-mail Address": "484362@student.saxion.nl"
  },
  {
    "Student Number": 476816,
    "Department": "HBO-ICT",
    "First Name": "Reza",
    "Classroom": "EHI1V.Sc",
    "Middle Name": "",
    "Last Name": "Hartemink",
    "E-mail Address": "476816@student.saxion.nl"
  },
  {
    "Student Number": 468516,
    "Department": "HBO-ICT",
    "First Name": "Bryton",
    "Classroom": "EHI1V.Sc",
    "Middle Name": "",
    "Last Name": "Hannink",
    "E-mail Address": "468516@student.saxion.nl"
  },
  {
    "Student Number": 484956,
    "Department": "HBO-ICT",
    "First Name": "Koen",
    "Classroom": "EHI1V.Ib",
    "Middle Name": "",
    "Last Name": "Hampsink",
    "E-mail Address": "484956@student.saxion.nl"
  },
  {
    "Student Number": 483635,
    "Department": "HBO-ICT",
    "First Name": "Gerben",
    "Classroom": "EHI1V.Sc",
    "Middle Name": "",
    "Last Name": "Burink",
    "E-mail Address": "483635@student.saxion.nl"
  },
  {
    "Student Number": 461320,
    "Department": "HBO-ICT",
    "First Name": "Leon",
    "Classroom": "EHI1V.Bb",
    "Middle Name": "",
    "Last Name": "Bekers",
    "E-mail Address": "461320@student.saxion.nl"
  },
  {
    "Student Number": 485461,
    "Department": "HBO-ICT",
    "First Name": "Mick",
    "Classroom": "EHI1V.Sc",
    "Middle Name": "",
    "Last Name": "op den Akker",
    "E-mail Address": "485461@student.saxion.nl"
  },
  {
    "Student Number": 481139,
    "Department": "HBO-ICT",
    "First Name": "Ziggy",
    "Classroom": "EHI1V.Sc",
    "Middle Name": "",
    "Last Name": "Zijdemans",
    "E-mail Address": "481139@student.saxion.nl"
  },
  {
    "Student Number": 477582,
    "Department": "HBO-ICT",
    "First Name": "Tim",
    "Classroom": "EHI1V.Sc",
    "Middle Name": "",
    "Last Name": "Welmerink",
    "E-mail Address": "477582@student.saxion.nl"
  },
  {
    "Student Number": 479948,
    "Department": "HBO-ICT",
    "First Name": "Daniël",
    "Classroom": "EHI1V.Ib",
    "Middle Name": "",
    "Last Name": "Weijers",
    "E-mail Address": "479948@student.saxion.nl"
  },
  {
    "Student Number": 478518,
    "Department": "HBO-ICT",
    "First Name": "Mathijn",
    "Classroom": "EHI1V.Bb",
    "Middle Name": "",
    "Last Name": "Smits",
    "E-mail Address": "478518@student.saxion.nl"
  },
  {
    "Student Number": 480801,
    "Department": "HBO-ICT",
    "First Name": "Joyce",
    "Classroom": "EHI1V.Sc",
    "Middle Name": "",
    "Last Name": "Richter",
    "E-mail Address": "480801@student.saxion.nl"
  },
  {
    "Student Number": 484281,
    "Department": "HBO-ICT",
    "First Name": "rick",
    "Classroom": "EHI1V.Ib",
    "Middle Name": "",
    "Last Name": "Peters",
    "E-mail Address": "484281@student.saxion.nl"
  },
  {
    "Student Number": 477559,
    "Department": "HBO-ICT",
    "First Name": "Sven",
    "Classroom": "EHI1V.Sc",
    "Middle Name": "",
    "Last Name": "Nijkamp",
    "E-mail Address": "477559@student.saxion.nl"
  },
  {
    "Student Number": 477548,
    "Department": "HBO-ICT",
    "First Name": "Lisa",
    "Classroom": "EHI1V.Sc",
    "Middle Name": "",
    "Last Name": "Molhoek",
    "E-mail Address": "477548@student.saxion.nl"
  },
  {
    "Student Number": 480850,
    "Department": "HBO-ICT",
    "First Name": "pim",
    "Classroom": "EHI1V.Ib",
    "Middle Name": "",
    "Last Name": "Holtkamp",
    "E-mail Address": "480850@student.saxion.nl"
  },
  {
    "Student Number": 481076,
    "Department": "HBO-ICT",
    "First Name": "Thomas",
    "Classroom": "EHI1V.Sc",
    "Middle Name": "",
    "Last Name": "Heuker",
    "E-mail Address": "481076@student.saxion.nl"
  },
  {
    "Student Number": 479184,
    "Department": "HBO-ICT",
    "First Name": "Luuk",
    "Classroom": "EHI1V.Sc",
    "Middle Name": "",
    "Last Name": "Hamming",
    "E-mail Address": "479184@student.saxion.nl"
  },
  {
    "Student Number": 468039,
    "Department": "HBO-ICT",
    "First Name": "Stijn",
    "Classroom": "EHI1V.Sc",
    "Middle Name": "",
    "Last Name": "Gorter",
    "E-mail Address": "468039@student.saxion.nl"
  },
  {
    "Student Number": 476790,
    "Department": "HBO-ICT",
    "First Name": "Berit",
    "Classroom": "EHI1V.Bb",
    "Middle Name": "",
    "Last Name": "Basters",
    "E-mail Address": "476790@student.saxion.nl"
  },
  {
    "Student Number": 474407,
    "Department": "HBO-ICT",
    "First Name": "David",
    "Classroom": "EHI1V.Sc",
    "Middle Name": "",
    "Last Name": "Wissing",
    "E-mail Address": "474407@student.saxion.nl"
  },
  {
    "Student Number": 478549,
    "Department": "HBO-ICT",
    "First Name": "Mehmet",
    "Classroom": "EHI1V.Sc",
    "Middle Name": "",
    "Last Name": "Sezer",
    "E-mail Address": "478549@student.saxion.nl"
  },
  {
    "Student Number": 440164,
    "Department": "HBO-ICT",
    "First Name": "Kevin",
    "Classroom": "EHI1V.Ib",
    "Middle Name": "",
    "Last Name": "Peters",
    "E-mail Address": "440164@student.saxion.nl"
  },
  {
    "Student Number": 481352,
    "Department": "HBO-ICT",
    "First Name": "Roy",
    "Classroom": "EHI1V.Bb",
    "Middle Name": "",
    "Last Name": "Nalband",
    "E-mail Address": "481352@student.saxion.nl"
  },
  {
    "Student Number": 478826,
    "Department": "HBO-ICT",
    "First Name": "Alex",
    "Classroom": "EHI1V.Bb",
    "Middle Name": "",
    "Last Name": "Misakian",
    "E-mail Address": "478826@student.saxion.nl"
  },
  {
    "Student Number": 475504,
    "Department": "HBO-ICT",
    "First Name": "Kelvin",
    "Classroom": "EHI1V.Sc",
    "Middle Name": "",
    "Last Name": "Meuleman",
    "E-mail Address": "475504@student.saxion.nl"
  },
  {
    "Student Number": 477869,
    "Department": "HBO-ICT",
    "First Name": "Jonathan",
    "Classroom": "EHI1V.Sc",
    "Middle Name": "",
    "Last Name": "Kippers",
    "E-mail Address": "477869@student.saxion.nl"
  },
  {
    "Student Number": 478784,
    "Department": "HBO-ICT",
    "First Name": "Bas",
    "Classroom": "EHI1V.Sb",
    "Middle Name": "",
    "Last Name": "Hulsbeek",
    "E-mail Address": "478784@student.saxion.nl"
  },
  {
    "Student Number": 480362,
    "Department": "HBO-ICT",
    "First Name": "Ömer",
    "Classroom": "EHI1V.Bb",
    "Middle Name": "",
    "Last Name": "Demir",
    "E-mail Address": "480362@student.saxion.nl"
  },
  {
    "Student Number": 480369,
    "Department": "HBO-ICT",
    "First Name": "Engin",
    "Classroom": "EHI1V.Bb",
    "Middle Name": "",
    "Last Name": "Cobanoglu",
    "E-mail Address": "480369@student.saxion.nl"
  },
  {
    "Student Number": 476479,
    "Department": "HBO-ICT",
    "First Name": "Joep",
    "Classroom": "EHI1V.Sb",
    "Middle Name": "",
    "Last Name": "Bouwhuis",
    "E-mail Address": "476479@student.saxion.nl"
  },
  {
    "Student Number": 476406,
    "Department": "HBO-ICT",
    "First Name": "Stan",
    "Classroom": "EHI1V.Sb",
    "Middle Name": "",
    "Last Name": "Blokhorst",
    "E-mail Address": "476406@student.saxion.nl"
  },
  {
    "Student Number": 481524,
    "Department": "HBO-ICT",
    "First Name": "Akash",
    "Classroom": "EHI1V.Bb",
    "Middle Name": "",
    "Last Name": "Bandhoe",
    "E-mail Address": "481524@student.saxion.nl"
  },
  {
    "Student Number": 477538,
    "Department": "HBO-ICT",
    "First Name": "Emir",
    "Classroom": "EHI1V.Ib",
    "Middle Name": "",
    "Last Name": "Bahcivan",
    "E-mail Address": "477538@student.saxion.nl"
  },
  {
    "Student Number": 478145,
    "Department": "HBO-ICT",
    "First Name": "Jack",
    "Classroom": "EHI1V.Bb",
    "Middle Name": "",
    "Last Name": "Aabed",
    "E-mail Address": "478145@student.saxion.nl"
  },
  {
    "Student Number": 455782,
    "Department": "HBO-ICT",
    "First Name": "Bastiaan",
    "Classroom": "EHI1V.Ia",
    "Middle Name": "",
    "Last Name": "in het Veld",
    "E-mail Address": "455782@student.saxion.nl"
  },
  {
    "Student Number": 485569,
    "Department": "HBO-ICT",
    "First Name": "Delano",
    "Classroom": "EHI1V.Bb",
    "Middle Name": "",
    "Last Name": "Repija",
    "E-mail Address": "485569@student.saxion.nl"
  },
  {
    "Student Number": 438771,
    "Department": "HBO-ICT",
    "First Name": "Khalil",
    "Classroom": "EHI1V.Ib",
    "Middle Name": "",
    "Last Name": "Raad",
    "E-mail Address": "438771@student.saxion.nl"
  },
  {
    "Student Number": 482786,
    "Department": "HBO-ICT",
    "First Name": "Nick",
    "Classroom": "EHI1V.Sb",
    "Middle Name": "",
    "Last Name": "Lohuis",
    "E-mail Address": "482786@student.saxion.nl"
  },
  {
    "Student Number": 470409,
    "Department": "HBO-ICT",
    "First Name": "Tim",
    "Classroom": "EHI1V.Sb",
    "Middle Name": "",
    "Last Name": "Knobben",
    "E-mail Address": "470409@student.saxion.nl"
  },
  {
    "Student Number": 453982,
    "Department": "HBO-ICT",
    "First Name": "Rick",
    "Classroom": "EHI1V.Ib",
    "Middle Name": "",
    "Last Name": "Goos",
    "E-mail Address": "453982@student.saxion.nl"
  },
  {
    "Student Number": 460270,
    "Department": "HBO-ICT",
    "First Name": "Lucas",
    "Classroom": "EHI1V.Ba",
    "Middle Name": "",
    "Last Name": "Gerritsen",
    "E-mail Address": "460270@student.saxion.nl"
  },
  {
    "Student Number": 483154,
    "Department": "HBO-ICT",
    "First Name": "Noud",
    "Classroom": "EHI1V.Sb",
    "Middle Name": "",
    "Last Name": "Frank",
    "E-mail Address": "483154@student.saxion.nl"
  },
  {
    "Student Number": 481904,
    "Department": "HBO-ICT",
    "First Name": "Jur",
    "Classroom": "EHI1V.Sb",
    "Middle Name": "",
    "Last Name": "Diepenmaat",
    "E-mail Address": "481904@student.saxion.nl"
  },
  {
    "Student Number": 481480,
    "Department": "HBO-ICT",
    "First Name": "Sven",
    "Classroom": "EHI1V.Ib",
    "Middle Name": "",
    "Last Name": "Dekker",
    "E-mail Address": "481480@student.saxion.nl"
  },
  {
    "Student Number": 451991,
    "Department": "HBO-ICT",
    "First Name": "Daniel",
    "Classroom": "EHI1V.Sb",
    "Middle Name": "",
    "Last Name": "Dabrowski",
    "E-mail Address": "451991@student.saxion.nl"
  },
  {
    "Student Number": 485298,
    "Department": "HBO-ICT",
    "First Name": "Tim",
    "Classroom": "EHI1V.Ia",
    "Middle Name": "",
    "Last Name": "Assinck",
    "E-mail Address": "485298@student.saxion.nl"
  },
  {
    "Student Number": 401907,
    "Department": "HBO-ICT",
    "First Name": "Olcay",
    "Classroom": "EHI1V.Ba",
    "Middle Name": "",
    "Last Name": "Akman",
    "E-mail Address": "401907@student.saxion.nl"
  },
  {
    "Student Number": 480913,
    "Department": "HBO-ICT",
    "First Name": "Thomas",
    "Classroom": "EHI1V.Ia",
    "Middle Name": "",
    "Last Name": "Tempert",
    "E-mail Address": "480913@student.saxion.nl"
  },
  {
    "Student Number": 482179,
    "Department": "HBO-ICT",
    "First Name": "Damian",
    "Classroom": "EHI1V.Ia",
    "Middle Name": "",
    "Last Name": "Stokvisch",
    "E-mail Address": "482179@student.saxion.nl"
  },
  {
    "Student Number": 484481,
    "Department": "HBO-ICT",
    "First Name": "Jelmer",
    "Classroom": "EHI1V.Ba",
    "Middle Name": "",
    "Last Name": "aan de Stegge",
    "E-mail Address": "484481@student.saxion.nl"
  },
  {
    "Student Number": 482585,
    "Department": "HBO-ICT",
    "First Name": "Brent",
    "Classroom": "EHI1V.Ba",
    "Middle Name": "",
    "Last Name": "Lucassen",
    "E-mail Address": "482585@student.saxion.nl"
  },
  {
    "Student Number": 405110,
    "Department": "HBO-ICT",
    "First Name": "Bram",
    "Classroom": "EHI1V.Ia",
    "Middle Name": "",
    "Last Name": "de Leeuw",
    "E-mail Address": "405110@student.saxion.nl"
  },
  {
    "Student Number": 470896,
    "Department": "HBO-ICT",
    "First Name": "Stef",
    "Classroom": "EHI1V.Ba",
    "Middle Name": "",
    "Last Name": "Koldemeule",
    "E-mail Address": "470896@student.saxion.nl"
  },
  {
    "Student Number": 425677,
    "Department": "HBO-ICT",
    "First Name": "Yasin",
    "Classroom": "EHI1V.Ia",
    "Middle Name": "",
    "Last Name": "Köktas",
    "E-mail Address": "425677@student.saxion.nl"
  },
  {
    "Student Number": 451970,
    "Department": "HBO-ICT",
    "First Name": "Matt",
    "Classroom": "EHI1V.Sb",
    "Middle Name": "",
    "Last Name": "Koertshuis",
    "E-mail Address": "451970@student.saxion.nl"
  },
  {
    "Student Number": 482118,
    "Department": "HBO-ICT",
    "First Name": "Sven",
    "Classroom": "EHI1V.Sb",
    "Middle Name": "",
    "Last Name": "Klaasen",
    "E-mail Address": "482118@student.saxion.nl"
  },
  {
    "Student Number": 482113,
    "Department": "HBO-ICT",
    "First Name": "Giuliano",
    "Classroom": "EHI1V.Sb",
    "Middle Name": "",
    "Last Name": "ter Horst",
    "E-mail Address": "482113@student.saxion.nl"
  },
  {
    "Student Number": 480230,
    "Department": "HBO-ICT",
    "First Name": "Niels",
    "Classroom": "EHI1V.Sb",
    "Middle Name": "",
    "Last Name": "ter Haar",
    "E-mail Address": "480230@student.saxion.nl"
  },
  {
    "Student Number": 422858,
    "Department": "HBO-ICT",
    "First Name": "Wouter",
    "Classroom": "EHI1V.Ba",
    "Middle Name": "",
    "Last Name": "Giesselink",
    "E-mail Address": "422858@student.saxion.nl"
  },
  {
    "Student Number": 482507,
    "Department": "HBO-ICT",
    "First Name": "Leon",
    "Classroom": "EHI1V.Sb",
    "Middle Name": "",
    "Last Name": "Frielinck",
    "E-mail Address": "482507@student.saxion.nl"
  },
  {
    "Student Number": 482200,
    "Department": "HBO-ICT",
    "First Name": "Thomas",
    "Classroom": "EHI1V.Sb",
    "Middle Name": "",
    "Last Name": "Beunders",
    "E-mail Address": "482200@student.saxion.nl"
  },
  {
    "Student Number": 481257,
    "Department": "HBO-ICT",
    "First Name": "Arda",
    "Classroom": "EHI1V.Ia",
    "Middle Name": "",
    "Last Name": "Arslan",
    "E-mail Address": "481257@student.saxion.nl"
  },
  {
    "Student Number": 486901,
    "Department": "HBO-ICT",
    "First Name": "Thom",
    "Classroom": "EHI1V.Sb",
    "Middle Name": "",
    "Last Name": "Schraa",
    "E-mail Address": "486901@student.saxion.nl"
  },
  {
    "Student Number": 469501,
    "Department": "HBO-ICT",
    "First Name": "Wouter",
    "Classroom": "EHI1V.Sb",
    "Middle Name": "",
    "Last Name": "Pleijsier",
    "E-mail Address": "469501@student.saxion.nl"
  },
  {
    "Student Number": 483175,
    "Department": "HBO-ICT",
    "First Name": "Tom",
    "Classroom": "EHI1V.Ia",
    "Middle Name": "",
    "Last Name": "Pieksma",
    "E-mail Address": "483175@student.saxion.nl"
  },
  {
    "Student Number": 482161,
    "Department": "HBO-ICT",
    "First Name": "Tim",
    "Classroom": "EHI1V.Sb",
    "Middle Name": "",
    "Last Name": "Nijenhuis",
    "E-mail Address": "482161@student.saxion.nl"
  },
  {
    "Student Number": 481948,
    "Department": "HBO-ICT",
    "First Name": "Stefan",
    "Classroom": "EHI1V.Sb",
    "Middle Name": "",
    "Last Name": "Lam",
    "E-mail Address": "481948@student.saxion.nl"
  },
  {
    "Student Number": 471435,
    "Department": "HBO-ICT",
    "First Name": "Hasret",
    "Classroom": "EHI1V.Ba",
    "Middle Name": "",
    "Last Name": "Kiliç",
    "E-mail Address": "471435@student.saxion.nl"
  },
  {
    "Student Number": 409993,
    "Department": "HBO-ICT",
    "First Name": "Nick",
    "Classroom": "EHI1V.Ba",
    "Middle Name": "",
    "Last Name": "Keizers",
    "E-mail Address": "409993@student.saxion.nl"
  },
  {
    "Student Number": 485229,
    "Department": "HBO-ICT",
    "First Name": "Herman",
    "Classroom": "EHI1V.Ia",
    "Middle Name": "",
    "Last Name": "Hampsink",
    "E-mail Address": "485229@student.saxion.nl"
  },
  {
    "Student Number": 426813,
    "Department": "HBO-ICT",
    "First Name": "Jan",
    "Classroom": "EHI1V.Sb",
    "Middle Name": "",
    "Last Name": "van Gelderen",
    "E-mail Address": "426813@student.saxion.nl"
  },
  {
    "Student Number": 485717,
    "Department": "HBO-ICT",
    "First Name": "Lucas",
    "Classroom": "EHI1V.Sb",
    "Middle Name": "",
    "Last Name": "Geisink",
    "E-mail Address": "485717@student.saxion.nl"
  },
  {
    "Student Number": 440153,
    "Department": "HBO-ICT",
    "First Name": "Rahim",
    "Classroom": "EHI1V.Ba",
    "Middle Name": "",
    "Last Name": "Fateh",
    "E-mail Address": "440153@student.saxion.nl"
  },
  {
    "Student Number": 485825,
    "Department": "HBO-ICT",
    "First Name": "Tobias",
    "Classroom": "EHI1V.Sb",
    "Middle Name": "",
    "Last Name": "Brouwers",
    "E-mail Address": "485825@student.saxion.nl"
  },
  {
    "Student Number": 488241,
    "Department": "HBO-ICT",
    "First Name": "Lars",
    "Classroom": "EHI1V.Sa",
    "Middle Name": "",
    "Last Name": "Bekke",
    "E-mail Address": "488241@student.saxion.nl"
  },
  {
    "Student Number": 482684,
    "Department": "HBO-ICT",
    "First Name": "Niek",
    "Classroom": "EHI1V.Ia",
    "Middle Name": "",
    "Last Name": "Wildenborg",
    "E-mail Address": "482684@student.saxion.nl"
  },
  {
    "Student Number": 422059,
    "Department": "HBO-ICT",
    "First Name": "Joeri",
    "Classroom": "EHI1V.Ia",
    "Middle Name": "",
    "Last Name": "Suselbeek",
    "E-mail Address": "422059@student.saxion.nl"
  },
  {
    "Student Number": 483214,
    "Department": "HBO-ICT",
    "First Name": "Mark",
    "Classroom": "EHI1V.Sa",
    "Middle Name": "",
    "Last Name": "Spijkerman",
    "E-mail Address": "483214@student.saxion.nl"
  },
  {
    "Student Number": 485650,
    "Department": "HBO-ICT",
    "First Name": "Dani",
    "Classroom": "EHI1V.Sa",
    "Middle Name": "",
    "Last Name": "Salarie",
    "E-mail Address": "485650@student.saxion.nl"
  },
  {
    "Student Number": 448891,
    "Department": "HBO-ICT",
    "First Name": "Robbin",
    "Classroom": "EHI1V.Sa",
    "Middle Name": "",
    "Last Name": "Rutjes",
    "E-mail Address": "448891@student.saxion.nl"
  },
  {
    "Student Number": 484591,
    "Department": "HBO-ICT",
    "First Name": "Gijs Looman",
    "Classroom": "EHI1V.Ba",
    "Middle Name": "",
    "Last Name": "Looman",
    "E-mail Address": "484591@student.saxion.nl"
  },
  {
    "Student Number": 452572,
    "Department": "HBO-ICT",
    "First Name": "Mai-Li",
    "Classroom": "EHI1V.Ba",
    "Middle Name": "",
    "Last Name": "Krikhaar",
    "E-mail Address": "452572@student.saxion.nl"
  },
  {
    "Student Number": 481955,
    "Department": "HBO-ICT",
    "First Name": "Wout",
    "Classroom": "EHI1V.Ia",
    "Middle Name": "",
    "Last Name": "Drowniak",
    "E-mail Address": "481955@student.saxion.nl"
  },
  {
    "Student Number": 481699,
    "Department": "HBO-ICT",
    "First Name": "Marjan",
    "Classroom": "EHI1V.Sa",
    "Middle Name": "",
    "Last Name": "van Dijk",
    "E-mail Address": "481699@student.saxion.nl"
  },
  {
    "Student Number": 475474,
    "Department": "HBO-ICT",
    "First Name": "Floyd",
    "Classroom": "EHI1V.Sa",
    "Middle Name": "",
    "Last Name": "Butselaar",
    "E-mail Address": "475474@student.saxion.nl"
  },
  {
    "Student Number": 468697,
    "Department": "HBO-ICT",
    "First Name": "Jorwin",
    "Classroom": "EHI1V.Ba",
    "Middle Name": "",
    "Last Name": "van den Berg",
    "E-mail Address": "468697@student.saxion.nl"
  },
  {
    "Student Number": 433315,
    "Department": "HBO-ICT",
    "First Name": "Kirsten",
    "Classroom": "EHI1V.Sa",
    "Middle Name": "",
    "Last Name": "Bass",
    "E-mail Address": "433315@student.saxion.nl"
  },
  {
    "Student Number": 462327,
    "Department": "HBO-ICT",
    "First Name": "Liselot",
    "Classroom": "EHI1V.Ba",
    "Middle Name": "",
    "Last Name": "Bakker",
    "E-mail Address": "462327@student.saxion.nl"
  },
  {
    "Student Number": 450520,
    "Department": "HBO-ICT",
    "First Name": "Ashrafi",
    "Classroom": "EHI1V.Ba",
    "Middle Name": "",
    "Last Name": "Abdoelkarim",
    "E-mail Address": "450520@student.saxion.nl"
  },
  {
    "Student Number": 434028,
    "Department": "HBO-ICT",
    "First Name": "Isabel",
    "Classroom": "EHI1V.Sa",
    "Middle Name": "",
    "Last Name": "Slot",
    "E-mail Address": "434028@student.saxion.nl"
  },
  {
    "Student Number": 468266,
    "Department": "HBO-ICT",
    "First Name": "Berkay",
    "Classroom": "EHI1V.Ba",
    "Middle Name": "",
    "Last Name": "Sari",
    "E-mail Address": "468266@student.saxion.nl"
  },
  {
    "Student Number": 484860,
    "Department": "HBO-ICT",
    "First Name": "Roman",
    "Classroom": "EHI1V.Sa",
    "Middle Name": "",
    "Last Name": "Petrosyan",
    "E-mail Address": "484860@student.saxion.nl"
  },
  {
    "Student Number": 468581,
    "Department": "HBO-ICT",
    "First Name": "Nour",
    "Classroom": "EHI1V.Ia",
    "Middle Name": "",
    "Last Name": "Mansourah",
    "E-mail Address": "468581@student.saxion.nl"
  },
  {
    "Student Number": 455615,
    "Department": "HBO-ICT",
    "First Name": "Einmar",
    "Classroom": "EHI1V.Sa",
    "Middle Name": "",
    "Last Name": "Malki",
    "E-mail Address": "455615@student.saxion.nl"
  },
  {
    "Student Number": 487384,
    "Department": "HBO-ICT",
    "First Name": "Timo",
    "Classroom": "EHI1V.Sa",
    "Middle Name": "",
    "Last Name": "de Koster",
    "E-mail Address": "487384@student.saxion.nl"
  },
  {
    "Student Number": 488009,
    "Department": "HBO-ICT",
    "First Name": "Tijmen",
    "Classroom": "EHI1V.Sa",
    "Middle Name": "",
    "Last Name": "de Jong",
    "E-mail Address": "488009@student.saxion.nl"
  },
  {
    "Student Number": 483995,
    "Department": "HBO-ICT",
    "First Name": "Nivine",
    "Classroom": "EHI1V.Ba",
    "Middle Name": "",
    "Last Name": "Jansen",
    "E-mail Address": "483995@student.saxion.nl"
  },
  {
    "Student Number": 447148,
    "Department": "HBO-ICT",
    "First Name": "Masseh",
    "Classroom": "EHI1V.Ia",
    "Middle Name": "",
    "Last Name": "Habib",
    "E-mail Address": "447148@student.saxion.nl"
  },
  {
    "Student Number": 453348,
    "Department": "HBO-ICT",
    "First Name": "Jordy",
    "Classroom": "EHI1V.Ba",
    "Middle Name": "",
    "Last Name": "Eeftink",
    "E-mail Address": "453348@student.saxion.nl"
  },
  {
    "Student Number": 484480,
    "Department": "HBO-ICT",
    "First Name": "Karlijn",
    "Classroom": "EHI1V.Ba",
    "Middle Name": "",
    "Last Name": "Berning",
    "E-mail Address": "484480@student.saxion.nl"
  },
  {
    "Student Number": 469248,
    "Department": "HBO-ICT",
    "First Name": "Jurgen",
    "Classroom": "EHI1V.Sa",
    "Middle Name": "",
    "Last Name": "Bakker",
    "E-mail Address": "469248@student.saxion.nl"
  },
  {
    "Student Number": 483243,
    "Department": "HBO-ICT",
    "First Name": "Nathan",
    "Classroom": "EHI1V.Ia",
    "Middle Name": "",
    "Last Name": "Zeeman",
    "E-mail Address": "483243@student.saxion.nl"
  },
  {
    "Student Number": 486352,
    "Department": "HBO-ICT",
    "First Name": "Tiemen",
    "Classroom": "EHI1V.Sa",
    "Middle Name": "",
    "Last Name": "Wierda",
    "E-mail Address": "486352@student.saxion.nl"
  },
  {
    "Student Number": 485754,
    "Department": "HBO-ICT",
    "First Name": "Bram",
    "Classroom": "EHI1V.Sa",
    "Middle Name": "",
    "Last Name": "Westenberg",
    "E-mail Address": "485754@student.saxion.nl"
  },
  {
    "Student Number": 440535,
    "Department": "HBO-ICT",
    "First Name": "Dennis",
    "Classroom": "EHI1V.Sa",
    "Middle Name": "",
    "Last Name": "Molthof",
    "E-mail Address": "440535@student.saxion.nl"
  },
  {
    "Student Number": 483705,
    "Department": "HBO-ICT",
    "First Name": "Sten",
    "Classroom": "EHI1V.Ba",
    "Middle Name": "",
    "Last Name": "Lankheet",
    "E-mail Address": "483705@student.saxion.nl"
  },
  {
    "Student Number": 484093,
    "Department": "HBO-ICT",
    "First Name": "walid",
    "Classroom": "EHI1V.Ia",
    "Middle Name": "",
    "Last Name": "Lahbichi",
    "E-mail Address": "484093@student.saxion.nl"
  },
  {
    "Student Number": 453436,
    "Department": "HBO-ICT",
    "First Name": "Orhan",
    "Classroom": "EHI1V.Ia",
    "Middle Name": "",
    "Last Name": "Koç",
    "E-mail Address": "453436@student.saxion.nl"
  },
  {
    "Student Number": 484910,
    "Department": "HBO-ICT",
    "First Name": "Tim",
    "Classroom": "EHI1V.Sa",
    "Middle Name": "",
    "Last Name": "de Jong",
    "E-mail Address": "484910@student.saxion.nl"
  },
  {
    "Student Number": 482131,
    "Department": "HBO-ICT",
    "First Name": "Niels",
    "Classroom": "EHI1V.Ia",
    "Middle Name": "",
    "Last Name": "Huisman",
    "E-mail Address": "482131@student.saxion.nl"
  },
  {
    "Student Number": 484065,
    "Department": "HBO-ICT",
    "First Name": "Jesper",
    "Classroom": "EHI1V.Sa",
    "Middle Name": "",
    "Last Name": "ten Holder",
    "E-mail Address": "484065@student.saxion.nl"
  },
  {
    "Student Number": 484488,
    "Department": "HBO-ICT",
    "First Name": "Thijmen",
    "Classroom": "EHI1V.Sa",
    "Middle Name": "",
    "Last Name": "Hogenkamp",
    "E-mail Address": "484488@student.saxion.nl"
  },
  {
    "Student Number": 483619,
    "Department": "HBO-ICT",
    "First Name": "Timo",
    "Classroom": "EHI1V.Ia",
    "Middle Name": "",
    "Last Name": "de Groot",
    "E-mail Address": "483619@student.saxion.nl"
  },
  {
    "Student Number": 448377,
    "Department": "HBO-ICT",
    "First Name": "George",
    "Classroom": "EHI1V.Sa",
    "Middle Name": "",
    "Last Name": "Gabro",
    "E-mail Address": "448377@student.saxion.nl"
  },
  {
    "Student Number": 469312,
    "Department": "HBO-ICT",
    "First Name": "Lars",
    "Classroom": "EHI1V.Sa",
    "Middle Name": "",
    "Last Name": "Eleveld",
    "E-mail Address": "469312@student.saxion.nl"
  },
  {
    "Student Number": 482964,
    "Department": "HBO-ICT",
    "First Name": "Stijn",
    "Classroom": "EHI1V.Ia",
    "Middle Name": "",
    "Last Name": "Bouwman",
    "E-mail Address": "482964@student.saxion.nl"
  }
]